{"cameraMode":{"drawMode":0,"name":"Shaded","section":"Shading Mode"},"sceneLighting":true,"audioPlay":false,"sceneViewState":{"showFog":true,"showMaterialUpdate":false,"showSkybox":true,"showFlares":true,"showImageEffects":true,"showParticleSystems":true},"in2DMode":false,"pivot":{"x":-0.550000011920929,"y":22.020000457763673,"z":-12.890000343322754},"rotation":{"x":-0.26944565773010256,"y":-0.05716461315751076,"z":0.016024205833673478,"w":-0.9611901640892029},"size":19.231660842895509,"orthographic":false}